[
    {
        "nom": "Starks",
        "gens": [
            {
                "nom": "Eddard \"Ned\" Stark",
                "description": "Lord of Winterfell - Warden of the North - Hand of the King - Married to Catelyn (Tully) Stark",
                "image": "http://imgix.bustle.com/rehost/2016/9/13/b52ffc29-d4c1-4812-9825-8c331875c6d1.jpg?w=970&h=582&fit=crop&crop=faces&auto=format&q=70"
            },
            {
                "nom": "Benjen Stark",
                "description": "Brother of Eddard Stark - First ranger of the Night's Watch",
                "image": "https://78.media.tumblr.com/tumblr_lyi7p8lQ0h1qjlomgo1_r1_500.jpg"
            },
            {
                "nom": "Robb Stark",
                "description": "Son of Eddard and Catelyn Stark - Direwolf: Grey Wind",
                "image": "https://mcetv.fr/wp-content/uploads/2015/03/Game-of-Thrones-Richard-Madden-Robb-Stark-d%C3%A9voile-%C2%AB-l%E2%80%99obsolescence-programm%C3%A9e-%C2%BB-des-acteurs-de-la-s%C3%A9rie--e1425313190867.jpg"
            },
            {
                "nom": "Sansa Stark",
                "description": "Daughter of Eddard and Catelyn Stark - Direwolf: Lady",
                "image": "http://www.jeanmarcmorandini.com/sites/jeanmarcmorandini.com/files/styles/image_750_324/public/capture-dcran-2018-06-14-13.47.03-convertimage.jpg_0.png"
            },
            {
                "nom": "Arya Stark",
                "description": "Daughter of Eddard and Catelyn Stark - Direwolf: Nymeria",
                "image": "https://o.aolcdn.com/images/dims3/GLOB/crop/720x360+0+22/resize/630x315!/format/jpg/quality/85/http%3A%2F%2Fo.aolcdn.com%2Fhss%2Fstorage%2Fmidas%2F71ac37624fee8c3ab52d49b2cff001%2F206510581%2Farya.jpg"
            },
            {
                "nom": "Brandon \"Bran\" Stark",
                "description": "Son of Eddard and Catelyn Stark - Direwolf: Summer",
                "image": "https://p0.cineserie.com/www.cineserie.com/wp-content/uploads/2017/09/bran-stark-1920.jpg?resize=660%2C330&ssl=1&ver=1"
            },
            {
                "nom": "Rickon Stark",
                "description": "Son of Eddard and Catelyn Stark - Direwolf: Shaggydog",
                "image": "https://encrypted-tbn0.gstatic.com/images?q=tbn:ANd9GcTVC_3iN2i-HqsVzn7Nro3MWPxiiGZJ-ejh0EZ2fx6E1GiW1tWi"
            },
            {
                "nom": "Jon Snow",
                "description": "Bastard son of Eddard Stark - Steweard in the Night's Watch - Direwolf: Ghost",
                "image": "http://www.syfantasy.fr/images/news/crop2_got-snow1.jpg"
            }
        ]
    },
    {
        "nom": "Lannisters",
        "wikiSuffix": "House_Lannister",
        "gens": [
            {
                "nom": "Tywin Lannister",
                "description": "Lord of Casterly Rock - Warden of the West",
                "image": "img/Tywin Lannister.jpg"
            },
            {
                "nom": "Tyrion Lannister",
                "description": "Son of Tywin Lannister - The Imp",
                "image": "img/Tyrion Lannister.jpg"
            },
            {
                "nom": "Jaime Lannister",
                "description": "The Kingslayer - Knight of the Kingsgaurd - Son of Tywin Lannister",
                "image": "img/Jemy Lannister.jpg"
            },
            {
                "nom": "Queen Cersei (Lannister) Baratheon",
                "description": "Married to King Robert Baratheon - Daughter of Tywin Lannister",
                "image": "img/Queen Cersei.jpg"
            }
        ]
    },
    {
        "nom": "Baratheons",
        "wikiSuffix": "House_Baratheon",
        "gens": [
            {
                "nom": "King Robert Baratheon",
                "description": "The first of his nom - Lord of the Seven Kingdoms",
                "image": "img/robert-baratheon.jpg"
            },
            {
                "nom": "Stannis Baratheon",
                "description": "Lord of Dragonstone - Master of Ships - Brother of Robert Baratheon",
                "image": "img/Stannis_Baratheon.jpg",
                "wikiSuffix": "Stannis_Baratheon"
            },
            {
                "nom": "Renly Baratheon",
                "description": "Lord of Storm's End - Master of Laws - Brother of Robert Baratheon",
                "image": "img/Renly_Baratheon.jpg",
                "wikiSuffix": "Renly_Baratheon"
            },
            {
                "nom": "Joffrey Baratheon",
                "description": "Heir to the Iron Throne - Son of Robert and Cersei Baratheon",
                "image": "img/Joffrey_Baratheon.jpg",
                "wikiSuffix": "Joffrey_Baratheon"
            },
            {
                "nom": "Tommen Baratheon",
                "description": "Son of Robert and Cersei Baratheon",
                "image": "img/Tommen_Baratheon.jpg",
                "wikiSuffix": "Tommen_Baratheon"
            },
            {
                "nom": "Myrcella Baratheon",
                "description": "Daughter of Robert and Cersei Baratheon",
                "image": "img/Myrcella_Baratheon.jpg",
                "wikiSuffix": "Myrcella_Baratheon"
            }
        ]
    },
    {
        "nom": "Targaryens",
        "wikiSuffix": "House_Targaryen",
        "gens": [
            {
                "nom": "Daenerys Targaryen",
                "description": "Stormborn - Khaleesi of the Dothraki - The Unburnt - Mother of Dragons - Daughter of Aerys II Targaryen \"The Mad King\"",
                "image": "img/daenerys-targaryen.jpg",
                "wikiSuffix": "Daenerys_Targaryen"
            },
            {
                "nom": "Viserys Targaryen",
                "description": "The Beggar King - Son of Aerys II Targaryen \"The Mad King\"",
                "image": "img/viserys-targaryen.jpg",
                "wikiSuffix": "Viserys_Targaryen"
            }
        ]
    },
    {
        "nom": "Greyjoys",
        "wikiSuffix": "House_Greyjoy",
        "gens": [
            {
                "nom": "Balon Greyjoy",
                "description": "Lord Reaper of Pyke - Head of House Greyjoy",
                "image": "img/balon-greyjoy.jpg",
                "wikiSuffix": "Balon_Greyjoy"
            },
            {
                "nom": "Theon Greyjoy",
                "description": "Ward of the Starks - Heir to the Iron Islands - Son of Balon Greyjoy",
                "image": "img/theon-greyjoy.jpg",
                "wikiSuffix": "Theon_Greyjoy"
            },
            {
                "nom": "Yara Greyjoy",
                "description": "Ironborn - Son of Balon Greyjoy",
                "image": "img/yara-greyjoy.jpg",
                "wikiSuffix": "Yara_Greyjoy"
            }
        ]
    },
    {
        "nom": "Tyrells",
        "wikiSuffix": "House_Tyrell",
        "gens": [
            {
                "nom": "Margaery (Tyrell) Baratheon",
                "description": "Wife of Renly Baratheon - Sister of Loras Tyrell - Granddaughter of Olenna Tyrell",
                "image": "img/margaery-tyrell.jpg",
                "wikiSuffix": "Margaery_Tyrell"
            },
            {
                "nom": "Loras Tyrell",
                "description": "Heir to Highgarden - Commander of the Kings Gaurd - Brother of Margaery Baratheon",
                "image": "img/loras-tyrell.jpg",
                "wikiSuffix": "Loras_Tyrell"
            }
        ]
    },
    {
        "nom": "Tullys",
        "wikiSuffix": "House_Tully",
        "gens": [
            {
                "nom": "Catelyn (Tully) Stark",
                "description": "Married to Eddard Stark - Daughter of Hoster Tully",
                "image": "img/Catelyn-Stark.jpg",
                "wikiSuffix": "Catelyn_Tully"
            },
            {
                "nom": "Lysa (Tully) Arryn",
                "description": "Widow of Jon Arryn - Daughter of Hoster Tully",
                "image": "img/Lysa_Tully.jpg",
                "wikiSuffix": "Lysa (Tully) Arryn"
            },
            {
                "nom": "Edmure Tully",
                "description": "Heir to Riverrun - Son of Hoster Tully",
                "image": "img/edmure-tully.jpg",
                "wikiSuffix": "Edmure_Tully"
            },
            {
                "nom": "Brynden Tully",
                "description": "Lord of Riverrun - Head of House Tully - Brother of Hoster Tully",
                "image": "img/brynden-tully.jpg",
                "wikiSuffix": "Brynden_Tully"
            }
        ]
    },
    {
        "nom": "Redwyne",
        "wikiSuffix": "House_Redwyne",
        "gens": [
            {
                "nom": "Olenna (Redwyne) Tyrell",
                "description": "Matriarch of House Tyrell - Queen of Thorns",
                "image": "img/olenna-tyrell.jpg",
                "wikiSuffix": "Olenna_Tyrell"
            }
        ]
    },
    {
        "nom": "Freys",
        "wikiSuffix": "House_Freys",
        "gens": [
            {
                "nom": "Walder Frey",
                "description": "Lord of the Crossing - Head of House Frey",
                "image": "img/walder-frey.jpg",
                "wikiSuffix": "Walder_Frey"
            }
        ]
    },
    {
        "nom": "Arryns",
        "wikiSuffix": "House_Arryns",
        "gens": [
            {
                "nom": "Jon Arryn",
                "description": "Lord of the Eyrie - Head of House Arryn - Warden of the East - Defender of the Vale",
                "image": "img/jon-arryn.jpg",
                "wikiSuffix": "Jon_Arryn"
            }
        ]
    },
    {
        "nom": "Dothrakis",
        "wikiSuffix": "House_Dothrakis",
        "gens": [
            {
                "nom": "Khal Drogo",
                "description": "Leader of the Dothraki gens - Dothraki Warlord - Married to Daenerys Targaryen",
                "image": "img/khal-drogo.jpg",
                "wikiSuffix": "Drogo"
            }
        ]
    }
]